{
    "PSNIC": {
        "n": 25,
        "t": [
            0.0,
            1560.89,
            6333.65,
            8476.03,
            16302.6,
            36261.9,
            112773.0
        ],
        "M": [
            43.9363,
            0.128708,
            0.659483,
            47.1583,
            0.346383,
            1.36904,
            0.162036
        ],
        "s": [
            1.0,
            1.0,
            1.0,
            1.0,
            1.0,
            1.0,
            1.0
        ],
        "Nref": 351.727
    }
}